City, State
Albany, New York
Atlanta, Georgia
Boise City, Idaho
Boston, Massachusetts
Buffalo, New York
Charlotte, North Carolina
Chicago, Illinois
Cincinnati, Ohio
Columbus, Ohio
Dallas, Texas
Denver, Colorado
Detroit, Michigan
Grand Rapids, Michigan
Harrisburg, Philadelphia
Hartford, Conneticut
Houston, Texas
Indianapolis City, Indiana
Jacksonville, Florida
Las Vegas, Nevada
Los Angeles, California
Miami, Florida
Nashville, North Carolina
New Orleans, Louisiana
New York, New York
Orlando, Florida
Philadelphia, Philadelphia
Phoenix, Arizona
Pittsburgh, Philadelphia
Portland, Oregon
Raleigh, North Carolina
Richmond, Virgina
Roanoke, Virgina
Sacramento, California
San Diego, California
San Francisco, California
Seattle, Washington
Spokane, Washington
St. Louis, Missouri
Syracuse, New York
Tampa, Florida

